[
  { "id": 1, "name": "CBD Topical Cream", "price": 28.33, "image": "/cbd.webp", "category": "Capsules", "description": "Relieves muscle pain", "stock": 75 },
  { "id": 2, "name": "CBD Vape Cartridge", "price": 68.37, "image": "/cbd.webp", "category": "Oils", "description": "High-quality vape oil", "stock": 79 },
  { "id": 3, "name": "CBD Sleep Capsules", "price": 53.37, "image": "/cbd.webp", "category": "Topicals", "description": "Helps with sleep", "stock": 222 },
  { "id": 4, "name": "CBD Vape Cartridge", "price": 63.39, "image": "/cbd.webp", "category": "Vapes", "description": "High-quality vape oil", "stock": 94 },
  { "id": 5, "name": "CBD Topical Cream", "price": 50.12, "image": "/cbd.webp", "category": "Flowers", "description": "Relieves muscle pain", "stock": 249 },
  { "id": 6, "name": "CBD Sleep Capsules", "price": 39.00, "image": "/cbd.webp", "category": "Topicals", "description": "Helps with sleep", "stock": 178 },
  { "id": 7, "name": "CBD Sleep Capsules", "price": 37.85, "image": "/cbd.webp", "category": "Edibles", "description": "Helps with sleep", "stock": 146 },
  { "id": 8, "name": "CBD Vape Cartridge", "price": 50.26, "image": "/cbd.webp", "category": "Topicals", "description": "High-quality vape oil", "stock": 143 },
  { "id": 9, "name": "CBD Flowers", "price": 47.57, "image": "/cbd.webp", "category": "Edibles", "description": "Pure CBD flowers", "stock": 250 },
  { "id": 10, "name": "CBD Gummies", "price": 32.88, "image": "/cbd.webp", "category": "Flowers", "description": "Delicious CBD gummies", "stock": 192 },
  { "id": 11, "name": "CBD Sleep Capsules", "price": 49.92, "image": "/cbd.webp", "category": "Flowers", "description": "Helps with sleep", "stock": 74 },
  { "id": 12, "name": "CBD Gummies", "price": 50.11, "image": "/cbd.webp", "category": "Vapes", "description": "Delicious CBD gummies", "stock": 175 }
]
